eigenvalue,index
1.6642889181043037,0
1.4379938079727212,1
1.393840044285058,2
1.0427762403325305,3
0.7484904884332005,4
0.7378751640759396,5
0.6346431427942788,6
0.514104687541378,7
0.5110174410221796,8
0.4243534898404252,9
0.3731110074391177,10
0.3712146600030206,11
0.3127175793881061,12
0.28412348042392555,13
0.2666629725470676,14
0.26543029812804153,15
0.23236054573764,16
0.22331719301479083,17
0.17820954284862886,18
0.11812955148120464,19
