max_dimension,dimension_detectee,erreur_min,plateau_trouve
20,20,0.0000000000,Non
30,30,0.0000000000,Non
40,40,0.0000000000,Non
50,50,0.0000000000,Non
60,60,0.0000000000,Non
70,70,0.0000000000,Non
80,80,0.0000000000,Non
100,100,0.0000000000,Non
