max_dimension,dimension_detectee,erreur_min,plateau_trouve
20,10,0.0000000000,Oui
30,6,0.0000000000,Oui
40,4,0.0000000000,Oui
50,4,0.0000000000,Oui
60,4,0.0000000000,Oui
70,4,0.0000000000,Oui
80,4,0.0000000000,Oui
100,6,0.0000000000,Oui
