dimension,error
2,2.938090796646103
3,2.6904530259886488
4,2.48912861152632
5,2.33393889300593
6,2.170114188749017
7,2.018601607404375
8,1.8869678751569006
9,1.7463190776178243
10,1.620270604254593
11,1.5007217675413473
12,1.3714777298845962
13,1.2522913335886738
14,1.13318582048902
15,1.008685843665066
16,0.8671890411451614
17,0.720871893851206
18,0.5443703650363726
19,0.34369979848874604
20,0.0
